{"train_losses": [35.09809279632568, 33.55485117340088], "val_accuracies": [0.43125, 0.4125]}